name,team_clean,league,position,minutes,PC1,PC2,PC3,PC4,PC5,PC6,PC7,PC8,Cluster,Role_Label
F. Caputo,empoli,Serie A,Attacker,1274.0,-1.5677028097475314,-0.9297803646525798,-0.2850089931107973,1.5036732895761649,1.2136895148156928,-0.0816960256982506,0.0811926782116507,-0.4631687124441329,0,Off-Ball Disruptor
I. Success,udinese,Serie A,Attacker,870.0,-0.4671698504925375,-1.2274437255014037,-1.796760569416597,0.123054573950402,0.2202716000265903,-0.5251640894634724,-0.3092817027894375,0.3498077239770513,0,Off-Ball Disruptor
Dany Mota,monza,Serie A,Attacker,2057.0,0.2611315092898819,-1.1359705156290762,1.4668981567917383,-0.2678224456531356,-0.6250496658512068,-0.0199106416677022,0.1584811202678271,0.1536023490076174,0,Off-Ball Disruptor
A. Petagna,cagliari,Serie A,Attacker,999.0,0.6328648563387186,-2.003312793704599,-1.665270876203229,0.9219663656352624,1.5231459097498894,-0.908679418822112,0.0002859298403436,-0.3082282796273223,0,Off-Ball Disruptor
G. Oristanio,cagliari,Serie A,Attacker,1101.0,-0.8885654424535512,-1.0530377565159723,-1.0562313370639396,0.152367993328167,1.0694450131342677,-0.5422656416940516,-0.2363739658238734,-0.1885239264283374,0,Off-Ball Disruptor
P. Almqvist,lecce,Serie A,Attacker,2114.0,-0.9933547700479768,-1.7642034417699657,-0.0427244482482102,0.6905952748323707,0.0328734534043435,0.0551878740138409,0.0638953295676213,-0.6534257046682715,0,Off-Ball Disruptor
A. Sanabria,torino,Serie A,Attacker,2134.0,-0.5901741066072559,-0.3024852081444202,0.3403207001504172,2.0536566714929965,-0.6658039160550273,0.0560898116507322,-0.1816605029455152,0.1231737727047779,0,Off-Ball Disruptor
J. Ikoné,fiorentina,Serie A,Attacker,1685.0,-0.1852958641809208,-0.6886631514596567,0.3393491566510714,1.9666853545138048,0.177792471974995,0.2529272850294236,-0.39810259410114,-0.0467183123267387,0,Off-Ball Disruptor
M'Bala Nzola,fiorentina,Serie A,Attacker,1544.0,-0.3513859670597973,-0.76871120497606,1.26051873821029,0.3837695393037794,1.6053757584753725,0.6926769043358599,-0.6443111669785409,-0.4824766534715167,0,Off-Ball Disruptor
A. Guðmundsson,genoa,Serie A,Attacker,3024.0,1.3281548596041062,-0.5455903166567292,0.9461475077619234,-0.5904824749638967,0.606577626644455,-1.171488704101696,0.8809999119221874,-0.8478511553516948,0,Off-Ball Disruptor
K. Gameiro,strasbourg,Ligue 1,Attacker,1345.0,0.8701576750066914,-0.6119098836807763,1.306035907012448,0.5666207777300114,1.7477316205556337,-0.6260792239547313,-0.0992671888782078,0.2537128907407731,0,Off-Ball Disruptor
Keito Nakamura,reims,Ligue 1,Attacker,1389.0,-0.365046388322632,-0.16417299662617,-0.4546033043643314,1.0642707679711678,0.9177304213440416,-0.6055837135755734,-0.2675820251237907,0.5728197180827188,0,Off-Ball Disruptor
M. Simon,nantes,Ligue 1,Attacker,1794.0,0.0239613363658796,-1.2946829112240636,-1.6765707109368362,-1.1454764716556014,0.5783599678167581,0.3288676344237866,-0.1527272611877357,0.0600913797330584,0,Off-Ball Disruptor
D. Ndoye,bologna,Serie A,Attacker,1776.0,-0.0294968554942271,-1.5825258258165322,0.416786746888873,1.3244122226135406,-0.7981219861506993,0.1048300405125593,-0.1932030729644336,-0.1453297055429751,0,Off-Ball Disruptor
J. Zirkzee,bologna,Serie A,Attacker,2772.0,0.2663467554091515,0.2486272527876236,1.2451037888726983,0.1713415737103652,0.063136499522267,-0.1044764887238517,-0.0014263122692271,0.0821691271886951,0,Off-Ball Disruptor
F. Thauvin,udinese,Serie A,Attacker,1715.0,0.0560279992715556,-0.5407871745595474,0.6228994580736199,-1.1670909893306196,0.4942260066807706,-0.5673112396589249,-0.1423312871146532,-0.5270160593045776,0,Off-Ball Disruptor
G. Lapadula,cagliari,Serie A,Attacker,1205.0,-1.1069862866542133,-0.0799158052312958,-0.8244294581690349,0.0650594858971894,1.4858278515677543,-0.7614543429464496,-0.9213624687320724,-0.749931776006772,0,Off-Ball Disruptor
G. Isaksen,lazio,Serie A,Attacker,1070.0,-0.7471130405617631,-0.5031338006848443,0.3482431685052961,-0.9083455045252437,-0.2991811975957979,-0.7436596151053235,0.0475345064844708,-0.1460110993003404,0,Off-Ball Disruptor
Mousa Tamari,montpellier,Ligue 1,Attacker,1943.0,-0.527754637693385,-0.5525267298366019,-0.1888619975708028,0.678379060068452,-0.7733540603056428,0.4226564445224199,0.105333420573618,-0.0935775613331052,0,Off-Ball Disruptor
Jaime Mata,getafe,La Liga,Attacker,1791.0,-1.2405403945923936,-1.0147255733001654,-0.4089707590208504,-0.0177696117406954,0.7200077369189719,-0.7006352518807802,0.6102512946773305,0.7232235740112584,0,Off-Ball Disruptor
Carlos Vicente,alaves,La Liga,Attacker,1119.0,0.7478160882696112,-1.6975019409078087,-1.1524942577033896,-3.487812258468889,-0.4379532818721986,-0.0748531932256355,0.1373585561482045,-1.0325915951261762,0,Off-Ball Disruptor
José Arnáiz,osasuna,La Liga,Attacker,921.0,-0.3024589772275105,-0.241353607265482,0.7281255194322621,0.00787108082354,-0.594111722327605,-0.2455471261635749,-0.5614492177446687,-0.0387465846859847,0,Off-Ball Disruptor
E. Nuamah,lyon,Ligue 1,Attacker,1846.0,0.0791143717375069,-1.1749411975204844,1.3512602395925606,0.3279769579255159,0.2595207320879352,-0.2833744769561708,-0.1186400359005003,0.1507282266584202,0,Off-Ball Disruptor
Ivan Cavaleiro,lille,Ligue 1,Attacker,773.0,0.2283633219984971,-2.152947791261284,0.5165870482501227,0.2019605544848443,0.995859312075519,-0.3627887562228128,0.5380046361335938,0.4195528173967728,0,Off-Ball Disruptor
M. Terrier,rennes,Ligue 1,Attacker,1533.0,0.802962212962695,-0.0470046927018674,0.2085541502287073,1.147472905055307,-0.2785052814310641,1.0371287891014012,0.7621664546340935,0.0956140446161039,0,Off-Ball Disruptor
I. Ndiaye,marseille,Ligue 1,Attacker,1624.0,1.2540503993273373,-1.235706496390122,0.4560514931723404,1.4550770381275142,0.9546310326581832,0.3731249997415642,-0.0660506306744159,0.2642140063868611,0,Off-Ball Disruptor
I. Sarr,marseille,Ligue 1,Attacker,1448.0,0.5110193482347832,-1.0509606150021666,0.6120196833572569,-0.2117465264124607,-0.7994179588473274,1.458587431145335,0.094903263946727,-0.1324479494994418,0,Off-Ball Disruptor
A. Joujou,le havre,Ligue 1,Attacker,766.0,-0.4754298988931084,-1.380197947833211,1.1189315851518211,-0.9949121527070616,0.1092007509540374,0.6764791824771784,-0.908417614474329,0.9919743697464328,0,Off-Ball Disruptor
C. Sabaly,metz,Ligue 1,Attacker,1382.0,-0.7280945383458248,-1.1947408357482667,0.3138173333117149,1.5618527166953329,0.0579274062508935,0.730729717609725,0.4277887223520196,0.0266851222623055,0,Off-Ball Disruptor
E. Kroupi,lorient,Ligue 1,Attacker,1076.0,0.4375449880797589,0.1772709864522777,-0.3083832538654522,0.5101274944023361,2.6243174252533152,0.6589925646774532,0.1073255028453963,0.5366221606110806,0,Off-Ball Disruptor
R. Kolo Muani,paris sg,Ligue 1,Attacker,1264.0,0.9730578273738414,-0.1818823514327197,0.591455974732271,-1.8220763544713408,0.6596613494517806,1.1730659326433297,0.5478647833424469,-0.3718233235722068,0,Off-Ball Disruptor
M. Satriano,brest,Ligue 1,Attacker,1870.0,0.1007668628722479,0.0613603513443142,-1.119174678244866,0.4025670140032252,-0.6862925081817461,0.7328616802909004,-0.9027485482345426,-0.0030762235251629,0,Off-Ball Disruptor
Adri Embarba,almeria,La Liga,Attacker,2485.0,-0.0708505287868222,-1.2063179894730116,-0.1628692387677383,-0.7332949748827562,-0.9472478028599433,-1.0667735735384771,-0.2617266904056226,-0.3379747898573792,0,Off-Ball Disruptor
Carles Pérez,celta vigo,La Liga,Attacker,771.0,-0.2955153588924805,-0.789250829539622,1.3464845852852576,0.3436055542146041,0.4178188701698055,-0.0348503429939488,-0.7004728798379746,0.3594672389005597,0,Off-Ball Disruptor
Sandro Ramírez,las palmas,La Liga,Attacker,1818.0,0.8625267756588497,-1.127050122308891,0.1239898907844604,0.3670929035514218,-0.627045657611029,-0.1090075115871212,-0.8226298554595924,0.0094005773440011,0,Off-Ball Disruptor
Álex Berenguer,athletic club,La Liga,Attacker,1579.0,-0.5417042759300718,-0.3871252301455392,0.6022183281951864,-2.251913184257865,0.2406959460049339,-0.5943401291899199,0.8244820165513123,-0.0405403429279738,0,Off-Ball Disruptor
Diego López,valencia,La Liga,Attacker,2671.0,-0.6425023634333795,-1.7492920033968895,-0.0446995414030078,-1.3346979780188268,-0.1131510640392706,0.4463940318915463,0.1510857056368958,0.2628137706932387,0,Off-Ball Disruptor
Raúl de Tomás,rayo vallecano,La Liga,Attacker,1277.0,-0.93537964467926,-0.6078437949788229,-0.2343897618727769,1.0106487681459115,0.7342091850129238,0.7439181971489294,-1.2131669419342206,0.2884090012591225,0,Off-Ball Disruptor
Luis Rioja,alaves,La Liga,Attacker,2515.0,0.2391138008914589,-1.5376842397235502,-1.5447929644883835,-0.2716127088380643,0.8356639557464343,-0.6429157806008442,0.3511787466912572,0.2541802358753242,0,Off-Ball Disruptor
Juanmi,cadiz,La Liga,Attacker,872.0,-1.0687341359153988,-0.3068401482416532,2.1891810658173,0.041526504259313,1.4294374364288644,0.1408721503722784,0.0330921817486171,-0.1394467398435263,0,Off-Ball Disruptor
Ilias Akhomach,villarreal,La Liga,Attacker,1512.0,0.2959264659760359,-1.739000735701071,0.2760842243976423,0.8711860584533756,0.086753228893742,0.3764600939615348,0.2340605265012343,-0.211132095682948,0,Off-Ball Disruptor
Rubén Sobrino,cadiz,La Liga,Attacker,1648.0,-0.5865839633785616,-2.5298867125072246,0.7231372582231874,0.472146159425841,-0.5513697427026623,0.0913745634765282,0.3457837876448159,-0.122864363607248,0,Off-Ball Disruptor
T. Dallinga,toulouse,Ligue 1,Attacker,2517.0,-0.1682747220062213,0.8768160368173442,-2.3841254865793577,1.366598669363872,-0.4802718977425115,-0.1012861646554126,0.6900763032777292,0.3305603872371697,1,Pure Finisher
M. Bamba,lorient,Ligue 1,Attacker,1149.0,-0.4206893061313904,2.009623797186248,0.2663661836335914,-0.7609454827194155,0.4327263906194018,0.7999568073657685,0.0960300522756968,-0.1102524075184691,1,Pure Finisher
J. David,lille,Ligue 1,Attacker,2640.0,0.0017293445077151,1.864497548317653,0.9338455916108656,0.8396383075788764,0.6619179354794065,0.5064835074040942,0.3749452749540591,-0.5305239094634501,1,Pure Finisher
Joselu,real madrid,La Liga,Attacker,1674.0,-0.5310694138068486,1.66316190977496,-1.2462482886362332,1.091445575083918,-0.658404107198561,0.5713310504547218,0.1202224375731105,-0.1887875952038143,1,Pure Finisher
E. Wahi,lens,Ligue 1,Attacker,1700.0,-1.356606933006607,1.8883991983159647,0.129773567350666,-0.2464579812135085,1.2580096543958894,0.184846606598831,-0.8953613977031805,0.0605661611697117,1,Pure Finisher
Vítinha,marseille,Ligue 1,Attacker,921.0,0.4743731075256703,0.7171784058840328,-0.5406727566498063,-0.2624147304255277,0.3973119294351557,-0.1172624817070701,-1.198303654677302,-0.7418479269908749,1,Pure Finisher
Gonçalo Ramos,paris sg,Ligue 1,Attacker,1419.0,0.1446236409773218,1.823336037635305,-0.218655189205001,1.291422095883007,-0.978196781214786,0.2166578819340361,1.1203120066043166,-0.5354654684428672,1,Pure Finisher
A. Gouiri,rennes,Ligue 1,Attacker,2075.0,0.9466039070194256,0.5994260113694019,0.6188064553080221,1.647306593858278,0.2046957586007619,0.0044441845444653,-0.6290491000618995,0.8784575592485346,1,Pure Finisher
T. Moffi,nice,Ligue 1,Attacker,1960.0,-1.0663879007089485,0.9548087237531891,-0.3556956299234673,0.1462646383361791,2.075548443068761,-0.649389358212209,0.1508501099488884,0.1538325834959125,1,Pure Finisher
R. Orsolini,bologna,Serie A,Attacker,1791.0,0.9437772344053824,1.294957618037523,-0.5723603695257033,-0.2691242497046759,-1.4223435553900683,-1.1221616658317806,0.2170392175490569,0.0605450755463974,1,Pure Finisher
D. Berardi,sassuolo,Serie A,Attacker,1437.0,0.7281417412329273,1.3733296425406998,0.2553001759174091,-1.5016758815185554,-0.3023054554076343,-1.0563906779331391,0.4818941838199413,1.1398882212199304,1,Pure Finisher
F. Chiesa,juventus,Serie A,Attacker,2206.0,0.3071513916180631,0.298566113130346,-0.011833411492166,-0.6219800253520703,-0.5377450460562995,-1.0980355267358597,-0.0902189257757826,-1.1382293173599227,1,Pure Finisher
W. Ben Yedder,monaco,Ligue 1,Attacker,2323.0,-0.4497272570494803,1.4757868026445875,1.6983614670540654,-0.508385853924484,0.452453422199207,-0.8567544871523344,0.6815427799771461,0.1355730858858737,1,Pure Finisher
V. Osimhen,napoli,Serie A,Attacker,1989.0,-1.2399029654118725,2.6062002443725945,-1.5014585482133034,0.0516617032900007,0.2957338780911561,-0.2746078471766547,-0.0179545267911242,-0.6009807007393586,1,Pure Finisher
T. Noslin,verona,Serie A,Attacker,1347.0,-0.0242582635793669,0.4801352261503755,0.6081362359997982,-1.843256906604583,-0.1404515231741748,0.5088056320085012,-0.5906288371307217,-0.5135439862862824,1,Pure Finisher
A. Lacazette,lyon,Ligue 1,Attacker,2306.0,-0.642855167951307,1.9893347452309649,-0.625452387772854,0.5995092562583355,1.144700514213103,-0.4769684170534445,1.0510493860650882,0.323058562864646,1,Pure Finisher
A. Milik,juventus,Serie A,Attacker,900.0,0.9777001607973124,1.165962088568521,-0.0013177983636573,1.2403226552717008,-0.315652321430346,-0.3872415244441324,-0.6130025015672533,-0.4366229152817311,1,Pure Finisher
N. Okafor,milan,Serie A,Attacker,870.0,-1.346955778284692,1.7043667158655158,-0.8233433549884605,-1.333422448073709,0.7859953196641465,0.2972944472773703,0.4509379691070032,0.5320951553171424,1,Pure Finisher
G. Scamacca,atalanta,Serie A,Attacker,1457.0,1.943557643693156,3.017880327277411,-0.8771690728336317,-1.8003717948082103,1.3047181655758773,-0.3361915625972148,-0.4294451798116596,0.4353787960827605,1,Pure Finisher
Lautaro Martínez,inter,Serie A,Attacker,2668.0,-0.0748579282231327,2.7984627755007927,0.6560258437304274,0.5370821651680527,-0.9552733556729645,0.3386644074799191,0.9192756361201077,-0.5613127051282255,1,Pure Finisher
O. Giroud,milan,Serie A,Attacker,2374.0,-0.0287812371950426,1.97833616334422,-0.6321918729380964,-1.1918157371625977,-0.8145495559778706,1.4298799155361277,-0.2014444438460474,-0.4271558042837806,1,Pure Finisher
Vinícius Júnior,real madrid,La Liga,Attacker,1875.0,1.192475425465797,2.755636205189072,0.1230399699396866,-0.5987619101076405,-0.6208162028348759,0.0976299972686041,0.1585330605840048,0.2465261808366536,1,Pure Finisher
Gorka Guruzeta,athletic club,La Liga,Attacker,2240.0,0.3213402916798379,0.7906529534483664,-1.0585749284792916,-0.1252820331169943,1.0909229509858878,0.0324619254025419,0.8353378861404477,0.5977240200698596,1,Pure Finisher
Ferran Torres,barcelona,La Liga,Attacker,1202.0,1.2749800491096297,0.7073888296467604,1.1251347533096347,-0.0663297786083446,0.1866265718031126,-0.4869866672029298,0.5820984639713228,-0.380995603213132,1,Pure Finisher
F. Balogun,monaco,Ligue 1,Attacker,1696.0,-0.9811839918157252,1.3143294687283091,1.4326063018045518,-1.8385102709267889,0.3722183328034003,0.7999793316121832,-1.131584624704501,-0.2331156683833672,1,Pure Finisher
Kylian Mbappé,paris sg,Ligue 1,Attacker,2159.0,3.2915033638479083,5.038107189824635,0.6339428183700935,0.5365080569176145,-0.1445788254951535,0.0682243803284519,0.6980020195176827,0.5294106144129593,1,Pure Finisher
Álvaro Morata,atletico madrid,La Liga,Attacker,1909.0,-0.2937077513033895,2.5048344241475387,-1.8341445919985817,0.7695999786535074,-0.2083492521399957,0.4178351525503206,0.4180906842975845,-0.0832419589604014,1,Pure Finisher
Borja Mayoral,getafe,La Liga,Attacker,2164.0,-1.099186688633242,0.7960675006471957,0.734748304277172,0.6940271717164742,0.7388817051316043,0.0057744711373212,1.430508258228998,-0.1770990841745441,1,Pure Finisher
Marc Cardona,las palmas,La Liga,Attacker,724.0,-0.0294045282084685,1.487094608671807,0.4820720563747454,0.4571723727602635,-0.2890917260493906,-0.0014787762896261,-0.0550426458092223,0.4292406518833366,1,Pure Finisher
Pedro,lazio,Serie A,Attacker,795.0,2.480688974352608,-2.031779352449005,1.9654490785681549,1.0130204194879933,-0.4668134893409228,-0.7166562272706251,0.559566639465348,0.6883461048056432,2,Creative Technician
Ângelo,strasbourg,Ligue 1,Attacker,1089.0,1.89184209987024,-2.979807589161996,-0.3641260871817565,-0.7781031199110653,0.3007046651431866,-0.0622000397653064,0.3175472536959871,-0.186418640938998,2,Creative Technician
A. Nordin,montpellier,Ligue 1,Attacker,1253.0,2.3742323495704087,-0.4721553003451825,-2.091000318091418,1.6805670177590069,0.3042899323964771,0.5866607505906002,0.4951728533571608,-0.5702698112624803,2,Creative Technician
Gerard Moreno,villarreal,La Liga,Attacker,2231.0,3.033451296472923,-0.1557644625828015,0.38205169241073,0.0524911693521839,0.02660637585086,-0.3834659950747923,0.5119265005859656,0.1520735852462802,2,Creative Technician
Raphinha,barcelona,La Liga,Attacker,1370.0,5.296747446838568,1.3113419154726058,-0.9160938505939304,-1.6076966847106138,-0.3997970580694341,1.146517470153924,-1.3047090212456731,0.3770142349236615,2,Creative Technician
Lamine Yamal,barcelona,La Liga,Attacker,2196.0,3.003452213619996,-0.9221450170958272,-0.0686949601007168,1.4058695190144368,-1.2346264476987645,0.2405962958403905,0.2164724230601389,0.7179877297344787,2,Creative Technician
Rodrygo,real madrid,La Liga,Attacker,2390.0,2.4592666651106527,0.894700276023149,1.3555025080279817,1.3597051304076229,-0.4475847986010385,0.1582435839908652,-0.5795756993225647,-0.1235706436059894,2,Creative Technician
Nico Williams,athletic club,La Liga,Attacker,2283.0,1.7525640796987916,-0.8471971975308307,-0.4759324057266278,-1.7690751890025302,0.332139408511076,1.444209570716313,-0.4427527031715222,0.0635758289743094,2,Creative Technician
M. Daramy,reims,Ligue 1,Attacker,1656.0,1.6505568267051132,-1.203530026870158,-1.0415108254557677,0.7393024790530907,0.1871194542678579,1.2100896893237272,0.29020586818061,0.0640013251086736,2,Creative Technician
Sávio,girona,La Liga,Attacker,2992.0,1.9757622254408664,-1.3297463937879146,-0.6236851181931341,0.1453942075189492,-0.0019604425951431,1.319568155524086,0.7098804590555582,-0.3940626153251814,2,Creative Technician
Gonçalo Guedes,villarreal,La Liga,Attacker,948.0,1.87123893806272,-0.7115355911112249,-0.6350364589209115,0.6768116691176349,0.654827195130962,-0.1856400462541624,0.1624300156975338,-0.2427520000607963,2,Creative Technician
Iago Aspas,celta vigo,La Liga,Attacker,2715.0,4.3295235779167305,-0.5476994211790693,-0.9014325466709084,-0.836718667439943,0.73918121001455,-1.0940323337515432,-0.2020040391671673,-0.0069781718458255,2,Creative Technician
Rafael Leão,milan,Serie A,Attacker,2521.0,2.862910931158907,-0.5692429866691869,-0.9043798897071776,-0.3372750878493478,-0.270465087715374,0.521482935766817,0.2871262351932936,-0.221676723152886,2,Creative Technician
R. Sottil,fiorentina,Serie A,Attacker,1107.0,1.7702546590984007,-0.6442220606689468,-0.7825702531668983,1.3389075996281112,-0.841589266793518,1.2219375366022802,-0.425473538468158,0.339796611882907,2,Creative Technician
A. Lookman,atalanta,Serie A,Attacker,1900.0,3.0429898308712886,1.04541809423728,0.3428658968693252,-0.9311843907296324,0.2480530378507106,-0.1114644654953112,0.0329266094008391,0.0547959843683319,2,Creative Technician
M. Thuram,inter,Serie A,Attacker,2707.0,1.5718480722130763,0.1730919924318848,-2.99152110528308,1.5436632582581775,0.8979140815445262,0.704687142246335,0.4392500046680924,0.124737530426779,2,Creative Technician
K. Kvaratskhelia,napoli,Serie A,Attacker,2752.0,2.394696562344974,0.6410091529689453,-0.0084454926565917,1.0825523844931375,-0.7815024257970637,-0.3381036695433234,-0.4125121050360513,-0.2832386750259753,2,Creative Technician
M. Politano,napoli,Serie A,Attacker,2385.0,2.641659818496918,-0.4667325649160135,1.2529514652091585,-0.4578380702202898,-0.71586444327447,-0.8784440341431813,0.1804878412589647,-0.1188649574613229,2,Creative Technician
A. Saelemaekers,bologna,Serie A,Attacker,1891.0,2.258112187521557,-1.760639747991252,1.080985746915441,0.7208007731927512,-1.9505631631619205,-0.4538314106740244,1.0124910857282696,-0.09659664477279,2,Creative Technician
S. Chukwueze,milan,Serie A,Attacker,1015.0,1.528882137622219,-1.0724577739069583,1.5185135715393552,-0.50211681339493,-0.5476790271013542,0.615711188795047,-0.6991139041172004,0.262376809607509,2,Creative Technician
G. Raspadori,napoli,Serie A,Attacker,1572.0,1.7190830645380637,0.1547460015460864,0.3715705813204096,-0.0395799139492997,-0.3665896050030928,-0.7922457913198215,-0.4362197537717387,0.4560746932720029,2,Creative Technician
J. Ito,reims,Ligue 1,Attacker,2722.0,1.7775677440520408,-2.152145160553185,-0.5720707444144606,-1.6183092202959648,0.1144473967963703,-0.8279728623844317,0.1750232357702388,-0.4600538653496709,2,Creative Technician
S. Benrahma,lyon,Ligue 1,Attacker,778.0,2.438778020164623,0.1498438858537816,0.0370535426330368,-2.1908203469815186,0.7002247084898496,-0.6267885615910823,-0.451471564972484,0.1099480634024359,2,Creative Technician
M. Guilavogui,lens,Ligue 1,Attacker,554.0,1.711534772550405,1.184111663335438,0.0584759494528979,0.8829235026835793,-1.303601411328384,-2.344245339336606,-1.0347240366282804,-0.2642532905672731,2,Creative Technician
P. Dybala,roma,Serie A,Attacker,1976.0,3.4553639933691214,1.1411867115260164,1.4667184303991354,-1.3584948885303585,-0.4676208782498638,0.8509295722567787,0.535084886674172,0.1999093224805779,2,Creative Technician
A. Kalimuendo,rennes,Ligue 1,Attacker,2152.0,-1.1290703523436192,0.5598774875521949,1.7105818454771122,0.5913965577570778,0.9313679136784896,-0.157781566449507,0.0243182526575075,-0.6594130390650332,3,Disruptive Presser
G. Kyei,clermont foot,Ligue 1,Attacker,1017.0,-1.3063764608308406,0.0655087991871114,1.4654424107680528,-0.1460825884662875,-0.259341785679709,0.0252316758429189,-0.985958843292467,0.0343286836794693,3,Disruptive Presser
O. Diakité,reims,Ligue 1,Attacker,1589.0,-1.5322883534600815,0.0624378352045762,0.9751663057283688,0.7480098048901668,0.8192843724256419,0.2445456453932983,-0.3891195697757985,-0.4758234727596771,3,Disruptive Presser
W. Khazri,montpellier,Ligue 1,Attacker,1132.0,-1.224286954756783,0.2019861214331216,0.0937833764842867,0.8567439312355618,-1.3141107921042026,-0.6401386109943872,-1.543102103400939,0.2895493920961443,3,Disruptive Presser
C. Immobile,lazio,Serie A,Attacker,1659.0,-1.266201717960431,0.8627209903692307,1.078855285879364,0.1521151232867661,-1.007637760263349,0.0433213224162009,-0.1350103472236029,-0.0183000518893609,3,Disruptive Presser
C. Ekuban,genoa,Serie A,Attacker,1120.0,-0.7511640780973845,-0.0187805759745212,-1.5658230726966382,0.0283545731173656,-0.5384674808143691,-0.2405827449693235,0.0874696082586213,-0.6748590457566308,3,Disruptive Presser
C. Ikwuemesi,salernitana,Serie A,Attacker,1056.0,-2.3957530737292805,-1.215643282871614,-0.3008564386128176,-0.383121520861755,1.4046570130179177,-0.082846306202971,-0.5418870318756958,0.3479625423571016,3,Disruptive Presser
S. Nwankwo,salernitana,Serie A,Attacker,681.0,-2.2294222327558204,-0.1226624689190956,-0.9278123563470774,0.0034750296488981,0.5415574122443431,-0.697767139158127,0.8547601833980862,0.3434287375637728,3,Disruptive Presser
L. Lucca,udinese,Serie A,Attacker,2602.0,-2.0059842272367,-0.043188284351163,-1.2960440748127993,-0.9547656630423276,-0.7165085688729986,0.5328513098143368,-0.0277126432226585,0.1690092340509789,3,Disruptive Presser
G. Simeone,napoli,Serie A,Attacker,789.0,-0.7781024660304816,0.9914269591524104,-1.178458641802503,1.2696033135700948,-0.8146692757752935,-1.1359835883084897,-2.224051672061386,0.0557496289193011,3,Disruptive Presser
R. Lukaku,roma,Serie A,Attacker,2648.0,-0.9629256879802104,0.3228256062303479,-0.0652051017705267,0.0247162879518066,0.4375408931310625,0.05887746995744,0.5656515603670439,-0.0548108395906226,3,Disruptive Presser
A. Cerri,empoli,Serie A,Attacker,554.0,-3.3557280143222274,-1.4475800848055531,-0.5165658808260034,-1.8378734604162004,-2.8675949553767848,-0.1000447875274982,1.0850106620007185,0.5028447555990097,3,Disruptive Presser
A. Pinamonti,sassuolo,Serie A,Attacker,3100.0,-2.475969332639982,-0.0781031679776324,-0.2100666500731997,-0.0660485661380624,0.0813881083329992,-0.0850087350471289,0.3280697072244413,0.3653911223416631,3,Disruptive Presser
S. Azmoun,roma,Serie A,Attacker,568.0,-0.9721217956820254,0.436540414123017,0.2277874068030785,0.1372425198403195,-1.0113717568993552,-0.6344963108664844,0.9371540614581192,-0.4379351269145044,3,Disruptive Presser
L. Tchaouna,salernitana,Serie A,Attacker,2097.0,-1.0896579327646292,-0.7593606799000899,0.8006942218926162,-0.8992943216528224,-0.7080957727761104,0.0068745075917943,-0.0217863890338667,1.0269520505436895,3,Disruptive Presser
M. Retegui,genoa,Serie A,Attacker,2226.0,-2.158609965196982,0.3237261666064711,-0.9626286857501108,-0.0295930771584077,-0.0394755292175423,0.1662322686750346,-0.3534779578385063,0.4412025069203843,3,Disruptive Presser
Zito Luvumbo,cagliari,Serie A,Attacker,1944.0,-1.2038242590069392,-0.7122082221831711,-1.0046806879640964,-1.4331797329385203,0.3412503226326497,0.7939351898961147,-0.4196488617529066,-0.3470860832301642,3,Disruptive Presser
P. Pellegri,torino,Serie A,Attacker,745.0,-2.337055962862854,-1.2130404030245887,-0.7623163600028685,-0.6207997630926873,0.0836839126013978,0.6048070051483986,-0.0473178197475479,0.4844604722259289,3,Disruptive Presser
A. Belotti,fiorentina,Serie A,Attacker,952.0,-2.539064243627449,-0.0454065223541494,-0.013692539309678,0.1630141974362834,-1.898539887095232,0.4447872415592562,0.3273299088924791,-0.1747167562617653,3,Disruptive Presser
A. Adams,montpellier,Ligue 1,Attacker,2264.0,-2.543456271759717,0.7951301550106049,-0.170957231829346,-0.4382494012705887,-0.445118814301975,-0.1869894401323842,-0.5545441564790288,-0.0402312700604344,3,Disruptive Presser
Mostafa Mohamed,nantes,Ligue 1,Attacker,2015.0,-1.2682754103572835,0.5522744339906813,-1.357669572185219,-0.1708227660533128,-0.3238576054816989,-0.1627083843678209,-0.1764063936897866,-0.2928590713777032,3,Disruptive Presser
E. Guessand,nice,Ligue 1,Attacker,1542.0,-1.537136300419224,0.7126592763193723,-0.0544727893251102,0.9952471093587868,-0.4443214372963552,-0.1280470558669675,-0.32686971618055,-0.7125565042019861,3,Disruptive Presser
F. Magri,toulouse,Ligue 1,Attacker,1433.0,-1.3556546323364176,0.2790590430036868,0.1412050862531083,-0.3320803672071638,0.0408390803688097,0.3014756367906037,-0.2385962176092558,0.1158173037802366,3,Disruptive Presser
M. Bayo,le havre,Ligue 1,Attacker,1394.0,-1.463007888545079,0.4778662061255946,-0.8020136500629381,-0.0722566002408668,-0.2664420205783259,-0.4083899726591854,-0.2430530680527728,0.3340136062535194,3,Disruptive Presser
E. Sabbi,le havre,Ligue 1,Attacker,1588.0,-1.921088345474812,-0.4373853334065284,0.1949224574835039,0.2845564687586562,-0.5764492544613401,0.5996629459838567,0.443438917980833,-0.0580715712250954,3,Disruptive Presser
S. Nicholson,clermont foot,Ligue 1,Attacker,1487.0,-0.745984189657335,-0.068256314350441,0.4925783099675171,-0.6628606825249325,-0.7975418977761031,0.7710891951803994,-0.3725563398910747,-0.0014877178791622,3,Disruptive Presser
Hugo Duro,valencia,La Liga,Attacker,2997.0,-2.0552673129792423,0.377999405159298,0.0100221845822825,0.5038032876328958,-0.3783591981107301,0.7418359133717025,0.3840651505162065,-0.1544239530786586,3,Disruptive Presser
André Silva,real sociedad,La Liga,Attacker,728.0,-2.603763568171104,0.9051922487371556,2.9317860397962625,0.4340729106078863,0.2306153661511073,0.2631508905686002,-0.3760731781724618,-0.296083575823857,3,Disruptive Presser
Abdón Prats,mallorca,La Liga,Attacker,1255.0,-1.99147953222728,0.323379237297777,-1.6066058470746156,-1.2698079771397686,-0.2332290300393344,-0.6946547581287179,0.672220402956275,0.2620936243833807,3,Disruptive Presser
Mikel Oyarzabal,real sociedad,La Liga,Attacker,2156.0,-1.379010680094929,-0.2754524677975,1.0209407601095206,-0.2373040313084645,0.323205510755041,0.7676669830173197,0.6885979092642651,-0.198476117300298,3,Disruptive Presser
Jorge de Frutos,rayo vallecano,La Liga,Attacker,1540.0,-1.2362623397409571,-1.272748374350268,0.3820936218833409,0.6046157664173943,-1.020318922260028,-0.2372097904017024,0.1020277053525351,-0.113656500092096,3,Disruptive Presser
Chris Ramos,cadiz,La Liga,Attacker,2626.0,-2.9818888187445105,0.0644243408744051,-1.0943489511527196,-0.8447797100515649,-1.7571435631671863,-0.0825350131292915,-0.5746036437755169,0.4558517358825152,3,Disruptive Presser
Léo Baptistão,almeria,La Liga,Attacker,1932.0,-1.1862978081458393,-0.3025262957600452,-0.7763507423123627,0.3777067995887334,-0.7592260731676415,-0.8468753234114723,0.3657700448078342,0.5208287637955107,3,Disruptive Presser
José Luis Morales,villarreal,La Liga,Attacker,1037.0,-3.368003101565181,1.507831264518266,2.186189958138628,-0.4722853686244148,1.0334679508389322,-0.1457133719551218,0.7240093277688625,0.230363594347033,3,Disruptive Presser
